{"cameraMode":{"drawMode":0,"name":"Shaded","section":"Shading Mode"},"sceneLighting":true,"audioPlay":false,"sceneViewState":{"showFog":true,"showMaterialUpdate":false,"showSkybox":true,"showFlares":true,"showImageEffects":true,"showParticleSystems":true},"in2DMode":false,"pivot":{"x":26.335119247436525,"y":15.074438095092774,"z":-1.0556464195251465},"rotation":{"x":0.013448339886963368,"y":0.9842884540557861,"z":-0.08615650236606598,"w":0.1535974144935608},"size":1.7732977867126465,"orthographic":false}